{
  "project_info": {
    "project_number": "940430514638",
    "firebase_url": "https://chatterbox-38258.firebaseio.com",
    "project_id": "chatterbox-38258",
    "storage_bucket": "chatterbox-38258.appspot.com"
  },
  "client": [
    {
      "client_info": {
        "mobilesdk_app_id": "1:940430514638:android:54c913958b36e15b",
        "android_client_info": {
          "package_name": "com.example.android.chatterbox"
        }
      },
      "oauth_client": [
        {
          "client_id": "940430514638-dv28o285ntqr6bcgj1erl1tk4vucin2g.apps.googleusercontent.com",
          "client_type": 3
        }
      ],
      "api_key": [
        {
          "current_key": "AIzaSyBi7aI6oUdx4IeNbmRswiN5t2BuuP8fXCg"
        }
      ],
      "services": {
        "analytics_service": {
          "status": 1
        },
        "appinvite_service": {
          "status": 1,
          "other_platform_oauth_client": []
        },
        "ads_service": {
          "status": 2
        }
      }
    }
  ],
  "configuration_version": "1"
}